,symboling,normalized-losses,make,num-of-doors,body-style,drive-wheels,engine-location,wheel-base,length,width,height,curb-weight,engine-type,num-of-cylinders,engine-size,fuel-system,bore,stroke,compression-ratio,horsepower,peak-rpm,city-l@k,highway-l@k,price,horsepower_binned,price_binned,fuel-type-diesel,fuel-type-gas,aspiration-std,aspiration-turbo
0,3,122.0,alfa-romero,two,convertible,rwd,front,88.6,0.4134328358208958,0.32478632478632447,0.08333333333333333,2548,dohc,four,130,mpfi,3.47,2.68,9.0,111.0,5000.0,11.19047619047619,8.703703703703704,13495,Low,Low,0,1,1,0
1,3,122.0,alfa-romero,two,convertible,rwd,front,88.6,0.4134328358208958,0.32478632478632447,0.08333333333333333,2548,dohc,four,130,mpfi,3.47,2.68,9.0,111.0,5000.0,11.19047619047619,8.703703703703704,16500,Low,Low,0,1,1,0
2,1,122.0,alfa-romero,two,hatchback,rwd,front,94.5,0.4492537313432835,0.4444444444444446,0.38333333333333347,2823,ohcv,six,152,mpfi,2.68,3.47,9.0,154.0,5000.0,12.368421052631579,9.038461538461538,16500,Medium,Low,0,1,1,0
3,2,164.0,audi,four,sedan,fwd,front,99.8,0.5298507462686567,0.5042735042735046,0.5416666666666666,2337,ohc,four,109,mpfi,3.19,3.4,10.0,102.0,5500.0,9.791666666666666,7.833333333333333,13950,Low,Low,0,1,1,0
4,2,164.0,audi,four,sedan,4wd,front,99.4,0.5298507462686567,0.521367521367522,0.5416666666666666,2824,ohc,five,136,mpfi,3.19,3.4,8.0,115.0,5500.0,13.055555555555555,10.681818181818182,17450,Low,Low,0,1,1,0
5,2,122.0,audi,two,sedan,fwd,front,99.8,0.5402985074626868,0.5128205128205127,0.44166666666666704,2507,ohc,five,136,mpfi,3.19,3.4,8.5,110.0,5500.0,12.368421052631579,9.4,15250,Low,Low,0,1,1,0
6,1,158.0,audi,four,sedan,fwd,front,105.8,0.7701492537313432,0.9487179487179492,0.6583333333333338,2844,ohc,five,136,mpfi,3.19,3.4,8.5,110.0,5500.0,12.368421052631579,9.4,17710,Low,Low,0,1,1,0
7,1,122.0,audi,four,wagon,fwd,front,105.8,0.7701492537313432,0.9487179487179492,0.6583333333333338,2954,ohc,five,136,mpfi,3.19,3.4,8.5,110.0,5500.0,12.368421052631579,9.4,18920,Low,Medium,0,1,1,0
8,1,158.0,audi,four,sedan,fwd,front,105.8,0.7701492537313432,0.9487179487179492,0.6750000000000002,3086,ohc,five,131,mpfi,3.13,3.4,8.3,140.0,5500.0,13.823529411764707,11.75,23875,Medium,Medium,0,1,0,1
10,2,192.0,bmw,two,sedan,rwd,front,101.2,0.5328358208955226,0.3846153846153845,0.5416666666666666,2395,ohc,four,108,mpfi,3.5,2.8,8.8,101.0,5800.0,10.217391304347826,8.10344827586207,16430,Low,Low,0,1,1,0
11,0,192.0,bmw,four,sedan,rwd,front,101.2,0.5328358208955226,0.3846153846153845,0.5416666666666666,2395,ohc,four,108,mpfi,3.5,2.8,8.8,101.0,5800.0,10.217391304347826,8.10344827586207,16925,Low,Low,0,1,1,0
12,0,188.0,bmw,two,sedan,rwd,front,101.2,0.5328358208955226,0.3846153846153845,0.5416666666666666,2710,ohc,six,164,mpfi,3.31,3.19,9.0,121.0,4250.0,11.19047619047619,8.392857142857142,20970,Medium,Medium,0,1,1,0
13,0,188.0,bmw,four,sedan,rwd,front,101.2,0.5328358208955226,0.3846153846153845,0.5416666666666666,2765,ohc,six,164,mpfi,3.31,3.19,9.0,121.0,4250.0,11.19047619047619,8.392857142857142,21105,Medium,Medium,0,1,1,0
14,1,122.0,bmw,four,sedan,rwd,front,103.5,0.7149253731343285,0.5641025641025647,0.6583333333333338,3055,ohc,six,164,mpfi,3.31,3.19,9.0,121.0,4250.0,11.75,9.4,24565,Medium,Medium,0,1,1,0
15,0,122.0,bmw,four,sedan,rwd,front,103.5,0.7149253731343285,0.5641025641025647,0.6583333333333338,3230,ohc,six,209,mpfi,3.62,3.39,8.0,182.0,5400.0,14.6875,10.681818181818182,30760,Medium,Medium,0,1,1,0
16,0,122.0,bmw,two,sedan,rwd,front,103.5,0.7865671641791048,0.6495726495726502,0.49166666666666714,3380,ohc,six,209,mpfi,3.62,3.39,8.0,182.0,5400.0,14.6875,10.681818181818182,41315,Medium,High,0,1,1,0
17,0,122.0,bmw,four,sedan,rwd,front,110.0,0.8343283582089553,0.9059829059829065,0.7083333333333334,3505,ohc,six,209,mpfi,3.62,3.39,8.0,182.0,5400.0,15.666666666666666,11.75,36880,Medium,High,0,1,1,0
18,2,121.0,chevrolet,two,hatchback,fwd,front,88.4,0.0,0.0,0.45000000000000046,1488,l,three,61,2bbl,2.91,3.03,9.5,48.0,5100.0,5.0,4.433962264150943,5151,Low,Low,0,1,1,0
19,1,98.0,chevrolet,two,hatchback,fwd,front,94.5,0.22089552238805987,0.2820512820512823,0.35000000000000026,1874,ohc,four,90,2bbl,3.03,3.11,9.6,70.0,5400.0,6.184210526315789,5.465116279069767,6295,Low,Low,0,1,1,0
20,0,81.0,chevrolet,four,sedan,fwd,front,94.5,0.26417910447761217,0.2820512820512823,0.35000000000000026,1909,ohc,four,90,2bbl,3.03,3.11,9.6,70.0,5400.0,6.184210526315789,5.465116279069767,6575,Low,Low,0,1,1,0
21,1,118.0,dodge,two,hatchback,fwd,front,93.7,0.24179104477611965,0.2991452991452991,0.25,1876,ohc,four,90,2bbl,2.97,3.23,9.41,68.0,5500.0,6.351351351351352,5.7317073170731705,5572,Low,Low,0,1,1,0
22,1,118.0,dodge,two,hatchback,fwd,front,93.7,0.24179104477611965,0.2991452991452991,0.25,1876,ohc,four,90,2bbl,2.97,3.23,9.4,68.0,5500.0,7.580645161290323,6.184210526315789,6377,Low,Low,0,1,1,0
23,1,118.0,dodge,two,hatchback,fwd,front,93.7,0.24179104477611965,0.2991452991452991,0.25,2128,ohc,four,98,mpfi,3.03,3.39,7.6,102.0,5500.0,9.791666666666666,7.833333333333333,7957,Low,Low,0,1,0,1
24,1,148.0,dodge,four,hatchback,fwd,front,93.7,0.24179104477611965,0.2991452991452991,0.2333333333333337,1967,ohc,four,90,2bbl,2.97,3.23,9.4,68.0,5500.0,7.580645161290323,6.184210526315789,6229,Low,Low,0,1,1,0
25,1,148.0,dodge,four,sedan,fwd,front,93.7,0.24179104477611965,0.2991452991452991,0.2333333333333337,1989,ohc,four,90,2bbl,2.97,3.23,9.4,68.0,5500.0,7.580645161290323,6.184210526315789,6692,Low,Low,0,1,1,0
26,1,148.0,dodge,four,sedan,fwd,front,93.7,0.24179104477611965,0.2991452991452991,0.2333333333333337,1989,ohc,four,90,2bbl,2.97,3.23,9.4,68.0,5500.0,7.580645161290323,6.184210526315789,7609,Low,Low,0,1,1,0
27,1,148.0,dodge,four,sedan,fwd,front,93.7,0.24179104477611965,0.2991452991452991,0.2333333333333337,2191,ohc,four,98,mpfi,3.03,3.39,7.6,102.0,5500.0,9.791666666666666,7.833333333333333,8558,Low,Low,0,1,0,1
28,-1,110.0,dodge,four,wagon,fwd,front,103.3,0.5,0.3675213675213672,1.0,2535,ohc,four,122,2bbl,3.34,3.46,8.5,88.0,5000.0,9.791666666666666,7.833333333333333,8921,Low,Low,0,1,1,0
29,3,145.0,dodge,two,hatchback,fwd,front,95.9,0.4791044776119402,0.5128205128205127,0.20000000000000048,2811,ohc,four,156,mfi,3.6,3.9,7.0,145.0,5000.0,12.368421052631579,9.791666666666666,12964,Medium,Low,0,1,0,1
30,2,137.0,honda,two,hatchback,fwd,front,86.6,0.05223880597014925,0.30769230769230776,0.25,1713,ohc,four,92,1bbl,2.91,3.41,9.6,58.0,4800.0,4.795918367346939,4.351851851851852,6479,Low,Low,0,1,1,0
31,2,137.0,honda,two,hatchback,fwd,front,86.6,0.05223880597014925,0.30769230769230776,0.25,1819,ohc,four,92,1bbl,2.91,3.41,9.2,76.0,6000.0,7.580645161290323,6.184210526315789,6855,Low,Low,0,1,1,0
32,1,101.0,honda,two,hatchback,fwd,front,93.7,0.13283582089552248,0.3162393162393164,0.40000000000000036,1837,ohc,four,79,1bbl,2.91,3.07,10.1,60.0,5500.0,6.184210526315789,5.595238095238095,5399,Low,Low,0,1,1,0
33,1,101.0,honda,two,hatchback,fwd,front,93.7,0.13283582089552248,0.3162393162393164,0.40000000000000036,1940,ohc,four,92,1bbl,2.91,3.41,9.2,76.0,6000.0,7.833333333333333,6.911764705882353,6529,Low,Low,0,1,1,0
34,1,101.0,honda,two,hatchback,fwd,front,93.7,0.13283582089552248,0.3162393162393164,0.40000000000000036,1956,ohc,four,92,1bbl,2.91,3.41,9.2,76.0,6000.0,7.833333333333333,6.911764705882353,7129,Low,Low,0,1,1,0
35,0,110.0,honda,four,sedan,fwd,front,96.5,0.33283582089552255,0.3162393162393164,0.5583333333333336,2010,ohc,four,92,1bbl,2.91,3.41,9.2,76.0,6000.0,7.833333333333333,6.911764705882353,7295,Low,Low,0,1,1,0
36,0,78.0,honda,four,wagon,fwd,front,96.5,0.23880597014925373,0.30769230769230776,0.875,2024,ohc,four,92,1bbl,2.92,3.41,9.2,76.0,6000.0,7.833333333333333,6.911764705882353,7295,Low,Low,0,1,1,0
37,0,106.0,honda,two,hatchback,fwd,front,96.5,0.39402985074626873,0.4188034188034192,0.4583333333333333,2236,ohc,four,110,1bbl,3.15,3.58,9.0,86.0,5800.0,8.703703703703704,7.121212121212121,7895,Low,Low,0,1,1,0
38,0,106.0,honda,two,hatchback,fwd,front,96.5,0.39402985074626873,0.4188034188034192,0.4583333333333333,2289,ohc,four,110,1bbl,3.15,3.58,9.0,86.0,5800.0,8.703703703703704,7.121212121212121,9095,Low,Low,0,1,1,0
39,0,85.0,honda,four,sedan,fwd,front,96.5,0.5119402985074628,0.4188034188034192,0.5250000000000004,2304,ohc,four,110,1bbl,3.15,3.58,9.0,86.0,5800.0,8.703703703703704,7.121212121212121,8845,Low,Low,0,1,1,0
40,0,85.0,honda,four,sedan,fwd,front,96.5,0.5119402985074628,0.18803418803418823,0.5250000000000004,2372,ohc,four,110,1bbl,3.15,3.58,9.0,86.0,5800.0,8.703703703703704,7.121212121212121,10295,Low,Low,0,1,1,0
41,0,85.0,honda,four,sedan,fwd,front,96.5,0.5119402985074628,0.4188034188034192,0.5250000000000004,2465,ohc,four,110,mpfi,3.15,3.58,9.0,101.0,5800.0,9.791666666666666,8.392857142857142,12945,Low,Low,0,1,1,0
42,1,107.0,honda,two,sedan,fwd,front,96.5,0.417910447761194,0.4871794871794873,0.2666666666666669,2293,ohc,four,110,2bbl,3.15,3.58,9.1,100.0,5500.0,9.4,7.580645161290323,10345,Low,Low,0,1,1,0
43,0,122.0,isuzu,four,sedan,rwd,front,94.3,0.4417910447761193,0.12820512820512817,0.47500000000000026,2337,ohc,four,111,2bbl,3.31,3.23,8.5,78.0,4800.0,9.791666666666666,8.10344827586207,6785,Low,Low,0,1,1,0
46,2,122.0,isuzu,two,hatchback,rwd,front,96.0,0.4701492537313433,0.4188034188034192,0.3000000000000001,2734,ohc,four,119,spfi,3.43,3.23,9.2,90.0,5000.0,9.791666666666666,8.10344827586207,11048,Low,Low,0,1,1,0
47,0,145.0,jaguar,four,sedan,rwd,front,113.0,0.8731343283582089,0.7948717948717945,0.4166666666666667,4066,dohc,six,258,mpfi,3.63,4.17,8.1,176.0,4750.0,15.666666666666666,12.368421052631579,32250,Medium,High,0,1,1,0
48,0,122.0,jaguar,four,sedan,rwd,front,113.0,0.8731343283582089,0.7948717948717945,0.4166666666666667,4066,dohc,six,258,mpfi,3.63,4.17,8.1,176.0,4750.0,15.666666666666666,12.368421052631579,35550,Medium,High,0,1,1,0
49,0,122.0,jaguar,two,sedan,rwd,front,102.0,0.7552238805970148,0.8803418803418799,0.0,3950,ohcv,twelve,326,mpfi,3.54,2.76,11.5,262.0,5000.0,18.076923076923077,13.823529411764707,36000,High,High,0,1,1,0
50,1,104.0,mazda,two,hatchback,fwd,front,93.1,0.26865671641791045,0.33333333333333376,0.5250000000000004,1890,ohc,four,91,2bbl,3.03,3.15,9.0,68.0,5000.0,7.833333333333333,7.580645161290323,5195,Low,Low,0,1,1,0
51,1,104.0,mazda,two,hatchback,fwd,front,93.1,0.26865671641791045,0.33333333333333376,0.5250000000000004,1900,ohc,four,91,2bbl,3.03,3.15,9.0,68.0,5000.0,7.580645161290323,6.184210526315789,6095,Low,Low,0,1,1,0
52,1,104.0,mazda,two,hatchback,fwd,front,93.1,0.26865671641791045,0.33333333333333376,0.5250000000000004,1905,ohc,four,91,2bbl,3.03,3.15,9.0,68.0,5000.0,7.580645161290323,6.184210526315789,6795,Low,Low,0,1,1,0
53,1,113.0,mazda,four,sedan,fwd,front,93.1,0.38358208955223905,0.33333333333333376,0.5250000000000004,1945,ohc,four,91,2bbl,3.03,3.15,9.0,68.0,5000.0,7.580645161290323,6.184210526315789,6695,Low,Low,0,1,1,0
54,1,113.0,mazda,four,sedan,fwd,front,93.1,0.38358208955223905,0.33333333333333376,0.5250000000000004,1950,ohc,four,91,2bbl,3.08,3.15,9.0,68.0,5000.0,7.580645161290323,6.184210526315789,7395,Low,Low,0,1,1,0
55,3,150.0,mazda,two,hatchback,rwd,front,95.3,0.4164179104477613,0.4615384615384619,0.15000000000000036,2380,rotor,two,70,4bbl,3.3297512437810943,3.255422885572139,9.4,101.0,6000.0,13.823529411764707,10.217391304347826,10945,Low,Low,0,1,1,0
56,3,150.0,mazda,two,hatchback,rwd,front,95.3,0.4164179104477613,0.4615384615384619,0.15000000000000036,2380,rotor,two,70,4bbl,3.3297512437810943,3.255422885572139,9.4,101.0,6000.0,13.823529411764707,10.217391304347826,11845,Low,Low,0,1,1,0
57,3,150.0,mazda,two,hatchback,rwd,front,95.3,0.4164179104477613,0.4615384615384619,0.15000000000000036,2385,rotor,two,70,4bbl,3.3297512437810943,3.255422885572139,9.4,101.0,6000.0,13.823529411764707,10.217391304347826,13645,Low,Low,0,1,1,0
58,3,150.0,mazda,two,hatchback,rwd,front,95.3,0.4164179104477613,0.4615384615384619,0.15000000000000036,2500,rotor,two,80,mpfi,3.3297512437810943,3.255422885572139,9.4,135.0,6000.0,14.6875,10.217391304347826,15645,Medium,Low,0,1,1,0
59,1,129.0,mazda,two,hatchback,fwd,front,98.8,0.547761194029851,0.52991452991453,0.49166666666666714,2385,ohc,four,122,2bbl,3.39,3.39,8.6,84.0,4800.0,9.038461538461538,7.34375,8845,Low,Low,0,1,1,0
60,0,115.0,mazda,four,sedan,fwd,front,98.8,0.547761194029851,0.52991452991453,0.6416666666666669,2410,ohc,four,122,2bbl,3.39,3.39,8.6,84.0,4800.0,9.038461538461538,7.34375,8495,Low,Low,0,1,1,0
61,1,129.0,mazda,two,hatchback,fwd,front,98.8,0.547761194029851,0.52991452991453,0.49166666666666714,2385,ohc,four,122,2bbl,3.39,3.39,8.6,84.0,4800.0,9.038461538461538,7.34375,10595,Low,Low,0,1,1,0
62,0,115.0,mazda,four,sedan,fwd,front,98.8,0.547761194029851,0.52991452991453,0.6416666666666669,2410,ohc,four,122,2bbl,3.39,3.39,8.6,84.0,4800.0,9.038461538461538,7.34375,10245,Low,Low,0,1,1,0
63,0,122.0,mazda,four,sedan,fwd,front,98.8,0.547761194029851,0.52991452991453,0.6416666666666669,2443,ohc,four,122,idi,3.39,3.39,22.7,64.0,4650.0,6.527777777777778,5.595238095238095,10795,Low,Low,1,0,1,0
64,0,115.0,mazda,four,hatchback,fwd,front,98.8,0.547761194029851,0.52991452991453,0.6416666666666669,2425,ohc,four,122,2bbl,3.39,3.39,8.6,84.0,4800.0,9.038461538461538,7.34375,11245,Low,Low,0,1,1,0
65,0,118.0,mazda,four,sedan,rwd,front,104.9,0.5059701492537314,0.49572649572649535,0.5500000000000002,2670,ohc,four,140,mpfi,3.76,3.16,8.0,120.0,5000.0,12.368421052631579,8.703703703703704,18280,Medium,Low,0,1,1,0
66,0,122.0,mazda,four,sedan,rwd,front,104.9,0.5059701492537314,0.49572649572649535,0.5500000000000002,2700,ohc,four,134,idi,3.43,3.64,22.0,72.0,4200.0,7.580645161290323,6.0256410256410255,18344,Low,Low,1,0,1,0
67,-1,93.0,mercedes-benz,four,sedan,rwd,front,110.0,0.7432835820895524,0.8547008547008544,0.7250000000000002,3515,ohc,five,183,idi,3.58,3.64,21.5,123.0,4350.0,10.681818181818182,9.4,25552,Medium,Medium,1,0,0,1
68,-1,93.0,mercedes-benz,four,wagon,rwd,front,110.0,0.7432835820895524,0.8547008547008544,0.9083333333333338,3750,ohc,five,183,idi,3.58,3.64,21.5,123.0,4350.0,10.681818181818182,9.4,28248,Medium,Medium,1,0,0,1
69,0,93.0,mercedes-benz,two,hardtop,rwd,front,106.7,0.6925373134328359,0.8547008547008544,0.5916666666666668,3495,ohc,five,183,idi,3.58,3.64,21.5,123.0,4350.0,10.681818181818182,9.4,28176,Medium,Medium,1,0,0,1
70,-1,93.0,mercedes-benz,four,sedan,rwd,front,115.6,0.917910447761194,0.9743589743589746,0.7083333333333334,3770,ohc,five,183,idi,3.58,3.64,21.5,123.0,4350.0,10.681818181818182,9.4,31600,Medium,Medium,1,0,0,1
71,-1,122.0,mercedes-benz,four,sedan,rwd,front,115.6,0.917910447761194,0.9743589743589746,0.7250000000000002,3740,ohcv,eight,234,mpfi,3.46,3.1,8.3,155.0,4750.0,14.6875,13.055555555555555,34184,Medium,High,0,1,1,0
72,3,142.0,mercedes-benz,two,convertible,rwd,front,96.6,0.5850746268656719,0.8717948717948718,0.25,3685,ohcv,eight,234,mpfi,3.46,3.1,8.3,155.0,4750.0,14.6875,13.055555555555555,35056,Medium,High,0,1,1,0
73,0,122.0,mercedes-benz,four,sedan,rwd,front,120.9,1.0,0.9743589743589746,0.7416666666666671,3900,ohcv,eight,308,mpfi,3.8,3.35,8.0,184.0,4500.0,16.785714285714285,14.6875,40960,Medium,High,0,1,1,0
74,1,122.0,mercedes-benz,two,hardtop,rwd,front,112.0,0.8671641791044775,1.0,0.6333333333333334,3715,ohcv,eight,304,mpfi,3.8,3.35,8.0,184.0,4500.0,16.785714285714285,14.6875,45400,Medium,High,0,1,1,0
75,1,122.0,mercury,two,hatchback,rwd,front,102.7,0.5567164179104479,0.6581196581196582,0.5833333333333334,2910,ohc,four,140,mpfi,3.78,3.12,8.0,175.0,5000.0,12.368421052631579,9.791666666666666,16503,Medium,Low,0,1,0,1
76,2,161.0,mitsubishi,two,hatchback,fwd,front,93.7,0.24179104477611965,0.35042735042735107,0.25,1918,ohc,four,92,2bbl,2.97,3.23,9.4,68.0,5500.0,6.351351351351352,5.7317073170731705,5389,Low,Low,0,1,1,0
77,2,161.0,mitsubishi,two,hatchback,fwd,front,93.7,0.24179104477611965,0.35042735042735107,0.25,1944,ohc,four,92,2bbl,2.97,3.23,9.4,68.0,5500.0,7.580645161290323,6.184210526315789,6189,Low,Low,0,1,1,0
78,2,161.0,mitsubishi,two,hatchback,fwd,front,93.7,0.24179104477611965,0.35042735042735107,0.25,2004,ohc,four,92,2bbl,2.97,3.23,9.4,68.0,5500.0,7.580645161290323,6.184210526315789,6669,Low,Low,0,1,1,0
79,1,161.0,mitsubishi,two,hatchback,fwd,front,93.0,0.24179104477611965,0.2991452991452991,0.25,2145,ohc,four,98,spdi,3.03,3.39,7.6,102.0,5500.0,9.791666666666666,7.833333333333333,7689,Low,Low,0,1,0,1
80,3,153.0,mitsubishi,two,hatchback,fwd,front,96.3,0.4761194029850747,0.4358974358974365,0.13333333333333344,2370,ohc,four,110,spdi,3.17,3.46,7.5,116.0,5500.0,10.217391304347826,7.833333333333333,9959,Low,Low,0,1,0,1
81,3,153.0,mitsubishi,two,hatchback,fwd,front,96.3,0.4761194029850747,0.4358974358974365,0.13333333333333344,2328,ohc,four,122,2bbl,3.35,3.46,8.5,88.0,5000.0,9.4,7.34375,8499,Low,Low,0,1,1,0
82,3,122.0,mitsubishi,two,hatchback,fwd,front,95.9,0.4791044776119402,0.5128205128205127,0.20000000000000048,2833,ohc,four,156,spdi,3.58,3.86,7.0,145.0,5000.0,12.368421052631579,9.791666666666666,12629,Medium,Low,0,1,0,1
83,3,122.0,mitsubishi,two,hatchback,fwd,front,95.9,0.4791044776119402,0.5128205128205127,0.20000000000000048,2921,ohc,four,156,spdi,3.59,3.86,7.0,145.0,5000.0,12.368421052631579,9.791666666666666,14869,Medium,Low,0,1,0,1
84,3,122.0,mitsubishi,two,hatchback,fwd,front,95.9,0.4791044776119402,0.5128205128205127,0.20000000000000048,2926,ohc,four,156,spdi,3.59,3.86,7.0,145.0,5000.0,12.368421052631579,9.791666666666666,14489,Medium,Low,0,1,0,1
85,1,125.0,mitsubishi,four,sedan,fwd,front,96.3,0.4671641791044778,0.4358974358974365,0.31666666666666704,2365,ohc,four,122,2bbl,3.35,3.46,8.5,88.0,5000.0,9.4,7.34375,6989,Low,Low,0,1,1,0
86,1,125.0,mitsubishi,four,sedan,fwd,front,96.3,0.4671641791044778,0.4358974358974365,0.31666666666666704,2405,ohc,four,122,2bbl,3.35,3.46,8.5,88.0,5000.0,9.4,7.34375,8189,Low,Low,0,1,1,0
87,1,125.0,mitsubishi,four,sedan,fwd,front,96.3,0.4671641791044778,0.4358974358974365,0.31666666666666704,2403,ohc,four,110,spdi,3.17,3.46,7.5,116.0,5500.0,10.217391304347826,7.833333333333333,9279,Low,Low,0,1,0,1
88,-1,137.0,mitsubishi,four,sedan,fwd,front,96.3,0.4671641791044778,0.4358974358974365,0.31666666666666704,2403,ohc,four,110,spdi,3.17,3.46,7.5,116.0,5500.0,10.217391304347826,7.833333333333333,9279,Low,Low,0,1,1,0
89,1,128.0,nissan,two,sedan,fwd,front,94.5,0.3611940298507465,0.2991452991452991,0.5583333333333336,1889,ohc,four,97,2bbl,3.15,3.29,9.4,69.0,5200.0,7.580645161290323,6.351351351351352,5499,Low,Low,0,1,1,0
90,1,128.0,nissan,two,sedan,fwd,front,94.5,0.3611940298507465,0.2991452991452991,0.5583333333333336,2017,ohc,four,103,idi,2.99,3.47,21.9,55.0,4800.0,5.222222222222222,4.7,7099,Low,Low,1,0,1,0
91,1,128.0,nissan,two,sedan,fwd,front,94.5,0.3611940298507465,0.2991452991452991,0.5583333333333336,1918,ohc,four,97,2bbl,3.15,3.29,9.4,69.0,5200.0,7.580645161290323,6.351351351351352,6649,Low,Low,0,1,1,0
92,1,122.0,nissan,four,sedan,fwd,front,94.5,0.3611940298507465,0.2991452991452991,0.5583333333333336,1938,ohc,four,97,2bbl,3.15,3.29,9.4,69.0,5200.0,7.580645161290323,6.351351351351352,6849,Low,Low,0,1,1,0
93,1,103.0,nissan,four,wagon,fwd,front,94.5,0.43432835820895516,0.2991452991452991,0.47500000000000026,2024,ohc,four,97,2bbl,3.15,3.29,9.4,69.0,5200.0,7.580645161290323,6.351351351351352,7349,Low,Low,0,1,1,0
94,1,128.0,nissan,two,sedan,fwd,front,94.5,0.3611940298507465,0.2991452991452991,0.5583333333333336,1951,ohc,four,97,2bbl,3.15,3.29,9.4,69.0,5200.0,7.580645161290323,6.351351351351352,7299,Low,Low,0,1,1,0
95,1,128.0,nissan,two,hatchback,fwd,front,94.5,0.3656716417910448,0.2991452991452991,0.4583333333333333,2028,ohc,four,97,2bbl,3.15,3.29,9.4,69.0,5200.0,7.580645161290323,6.351351351351352,7799,Low,Low,0,1,1,0
96,1,122.0,nissan,four,sedan,fwd,front,94.5,0.3611940298507465,0.2991452991452991,0.5583333333333336,1971,ohc,four,97,2bbl,3.15,3.29,9.4,69.0,5200.0,7.580645161290323,6.351351351351352,7499,Low,Low,0,1,1,0
97,1,103.0,nissan,four,wagon,fwd,front,94.5,0.43432835820895516,0.2991452991452991,0.47500000000000026,2037,ohc,four,97,2bbl,3.15,3.29,9.4,69.0,5200.0,7.580645161290323,6.351351351351352,7999,Low,Low,0,1,1,0
98,2,168.0,nissan,two,hardtop,fwd,front,95.1,0.3179104477611942,0.2991452991452991,0.4583333333333333,2008,ohc,four,97,2bbl,3.15,3.29,9.4,69.0,5200.0,7.580645161290323,6.351351351351352,8249,Low,Low,0,1,1,0
99,0,106.0,nissan,four,hatchback,fwd,front,97.2,0.4820895522388061,0.4188034188034192,0.5750000000000005,2324,ohc,four,120,2bbl,3.33,3.47,8.5,97.0,5200.0,8.703703703703704,6.911764705882353,8949,Low,Low,0,1,1,0
100,0,106.0,nissan,four,sedan,fwd,front,97.2,0.4820895522388061,0.4188034188034192,0.5750000000000005,2302,ohc,four,120,2bbl,3.33,3.47,8.5,97.0,5200.0,8.703703703703704,6.911764705882353,9549,Low,Low,0,1,1,0
101,0,128.0,nissan,four,sedan,fwd,front,100.4,0.6059701492537313,0.52991452991453,0.6083333333333337,3095,ohcv,six,181,mpfi,3.43,3.27,9.0,152.0,5200.0,13.823529411764707,10.681818181818182,13499,Medium,Low,0,1,1,0
102,0,108.0,nissan,four,wagon,fwd,front,100.4,0.6492537313432836,0.52991452991453,0.691666666666667,3296,ohcv,six,181,mpfi,3.43,3.27,9.0,152.0,5200.0,13.823529411764707,10.681818181818182,14399,Medium,Low,0,1,1,0
103,0,108.0,nissan,four,sedan,fwd,front,100.4,0.6492537313432836,0.52991452991453,0.6083333333333337,3060,ohcv,six,181,mpfi,3.43,3.27,9.0,152.0,5200.0,12.368421052631579,9.4,13499,Medium,Low,0,1,1,0
104,3,194.0,nissan,two,hatchback,rwd,front,91.3,0.4417910447761193,0.6495726495726502,0.1583333333333338,3071,ohcv,six,181,mpfi,3.43,3.27,9.0,160.0,5200.0,12.368421052631579,9.4,17199,Medium,Low,0,1,1,0
105,3,194.0,nissan,two,hatchback,rwd,front,91.3,0.4417910447761193,0.6495726495726502,0.1583333333333338,3139,ohcv,six,181,mpfi,3.43,3.27,7.8,200.0,5200.0,13.823529411764707,10.217391304347826,19699,High,Medium,0,1,0,1
106,1,231.0,nissan,two,hatchback,rwd,front,99.2,0.5582089552238807,0.6495726495726502,0.1583333333333338,3139,ohcv,six,181,mpfi,3.43,3.27,9.0,160.0,5200.0,12.368421052631579,9.4,18399,Medium,Low,0,1,1,0
107,0,161.0,peugot,four,sedan,rwd,front,107.9,0.6805970149253731,0.6923076923076928,0.7416666666666671,3020,l,four,120,mpfi,3.46,3.19,8.4,97.0,5000.0,12.368421052631579,9.791666666666666,11900,Low,Low,0,1,1,0
108,0,161.0,peugot,four,sedan,rwd,front,107.9,0.6805970149253731,0.6923076923076928,0.7416666666666671,3197,l,four,152,idi,3.7,3.52,21.0,95.0,4150.0,8.392857142857142,7.121212121212121,13200,Low,Low,1,0,0,1
109,0,122.0,peugot,four,wagon,rwd,front,114.2,0.8626865671641792,0.6923076923076928,0.9083333333333338,3230,l,four,120,mpfi,3.46,3.19,8.4,97.0,5000.0,12.368421052631579,9.791666666666666,12440,Low,Low,0,1,1,0
110,0,122.0,peugot,four,wagon,rwd,front,114.2,0.8626865671641792,0.6923076923076928,0.9083333333333338,3430,l,four,152,idi,3.7,3.52,21.0,95.0,4150.0,9.4,9.4,13860,Low,Low,1,0,0,1
111,0,161.0,peugot,four,sedan,rwd,front,107.9,0.6805970149253731,0.6923076923076928,0.7416666666666671,3075,l,four,120,mpfi,3.46,2.19,8.4,95.0,5000.0,12.368421052631579,9.791666666666666,15580,Low,Low,0,1,1,0
112,0,161.0,peugot,four,sedan,rwd,front,107.9,0.6805970149253731,0.6923076923076928,0.7416666666666671,3252,l,four,152,idi,3.7,3.52,21.0,95.0,4150.0,8.392857142857142,7.121212121212121,16900,Low,Low,1,0,0,1
113,0,122.0,peugot,four,wagon,rwd,front,114.2,0.8626865671641792,0.6923076923076928,0.7416666666666671,3285,l,four,120,mpfi,3.46,2.19,8.4,95.0,5000.0,12.368421052631579,9.791666666666666,16695,Low,Low,0,1,1,0
114,0,122.0,peugot,four,wagon,rwd,front,114.2,0.8626865671641792,0.6923076923076928,0.9083333333333338,3485,l,four,152,idi,3.7,3.52,21.0,95.0,4150.0,9.4,9.4,17075,Low,Low,1,0,0,1
115,0,161.0,peugot,four,sedan,rwd,front,107.9,0.6805970149253731,0.6923076923076928,0.7416666666666671,3075,l,four,120,mpfi,3.46,3.19,8.4,97.0,5000.0,12.368421052631579,9.791666666666666,16630,Low,Low,0,1,1,0
116,0,161.0,peugot,four,sedan,rwd,front,107.9,0.6805970149253731,0.6923076923076928,0.7416666666666671,3252,l,four,152,idi,3.7,3.52,21.0,95.0,4150.0,8.392857142857142,7.121212121212121,17950,Low,Low,1,0,0,1
117,0,161.0,peugot,four,sedan,rwd,front,108.0,0.6805970149253731,0.6837606837606836,0.6833333333333336,3130,l,four,134,mpfi,3.61,3.21,7.0,142.0,5600.0,13.055555555555555,9.791666666666666,18150,Medium,Low,0,1,0,1
118,1,119.0,plymouth,two,hatchback,fwd,front,93.7,0.24179104477611965,0.2991452991452991,0.25,1918,ohc,four,90,2bbl,2.97,3.23,9.4,68.0,5500.0,6.351351351351352,5.7317073170731705,5572,Low,Low,0,1,1,0
119,1,119.0,plymouth,two,hatchback,fwd,front,93.7,0.24179104477611965,0.2991452991452991,0.25,2128,ohc,four,98,spdi,3.03,3.39,7.6,102.0,5500.0,9.791666666666666,7.833333333333333,7957,Low,Low,0,1,0,1
120,1,154.0,plymouth,four,hatchback,fwd,front,93.7,0.24179104477611965,0.2991452991452991,0.2333333333333337,1967,ohc,four,90,2bbl,2.97,3.23,9.4,68.0,5500.0,7.580645161290323,6.184210526315789,6229,Low,Low,0,1,1,0
121,1,154.0,plymouth,four,sedan,fwd,front,93.7,0.39104477611940325,0.2991452991452991,0.25,1989,ohc,four,90,2bbl,2.97,3.23,9.4,68.0,5500.0,7.580645161290323,6.184210526315789,6692,Low,Low,0,1,1,0
122,1,154.0,plymouth,four,sedan,fwd,front,93.7,0.39104477611940325,0.2991452991452991,0.25,2191,ohc,four,98,2bbl,2.97,3.23,9.4,68.0,5500.0,7.580645161290323,6.184210526315789,7609,Low,Low,0,1,1,0
123,-1,74.0,plymouth,four,wagon,fwd,front,103.3,0.5,0.3675213675213672,1.0,2535,ohc,four,122,2bbl,3.35,3.46,8.5,88.0,5000.0,9.791666666666666,7.833333333333333,8921,Low,Low,0,1,1,0
124,3,122.0,plymouth,two,hatchback,rwd,front,95.9,0.4791044776119402,0.5128205128205127,0.20000000000000048,2818,ohc,four,156,spdi,3.59,3.86,7.0,145.0,5000.0,12.368421052631579,9.791666666666666,12764,Medium,Low,0,1,0,1
125,3,186.0,porsche,two,hatchback,rwd,front,94.5,0.41492537313432853,0.6837606837606836,0.20000000000000048,2778,ohc,four,151,mpfi,3.94,3.11,9.5,143.0,5500.0,12.368421052631579,8.703703703703704,22018,Medium,Medium,0,1,1,0
126,3,122.0,porsche,two,hardtop,rwd,rear,89.5,0.41492537313432853,0.40170940170940184,0.31666666666666704,2756,ohcf,six,194,mpfi,3.74,2.9,9.5,207.0,5900.0,13.823529411764707,9.4,32528,High,High,0,1,1,0
127,3,122.0,porsche,two,hardtop,rwd,rear,89.5,0.41492537313432853,0.40170940170940184,0.31666666666666704,2756,ohcf,six,194,mpfi,3.74,2.9,9.5,207.0,5900.0,13.823529411764707,9.4,34028,High,High,0,1,1,0
128,3,122.0,porsche,two,convertible,rwd,rear,89.5,0.41492537313432853,0.40170940170940184,0.31666666666666704,2800,ohcf,six,194,mpfi,3.74,2.9,9.5,207.0,5900.0,13.823529411764707,9.4,37028,High,High,0,1,1,0
130,0,122.0,renault,four,wagon,fwd,front,96.1,0.6029850746268658,0.52991452991453,0.6166666666666671,2579,ohc,four,132,mpfi,3.46,3.9,8.7,104.25615763546799,5125.369458128079,10.217391304347826,7.580645161290323,9295,Low,Low,0,1,1,0
131,2,122.0,renault,two,hatchback,fwd,front,96.1,0.5328358208955226,0.5384615384615381,0.22500000000000023,2460,ohc,four,132,mpfi,3.46,3.9,8.7,104.25615763546799,5125.369458128079,10.217391304347826,7.580645161290323,9895,Low,Low,0,1,1,0
132,3,150.0,saab,two,hatchback,fwd,front,99.1,0.6791044776119403,0.52991452991453,0.691666666666667,2658,ohc,four,121,mpfi,3.54,3.07,9.31,110.0,5250.0,11.19047619047619,8.392857142857142,11850,Low,Low,0,1,1,0
133,2,104.0,saab,four,sedan,fwd,front,99.1,0.6791044776119403,0.52991452991453,0.691666666666667,2695,ohc,four,121,mpfi,3.54,3.07,9.3,110.0,5250.0,11.19047619047619,8.392857142857142,12170,Low,Low,0,1,1,0
134,3,150.0,saab,two,hatchback,fwd,front,99.1,0.6791044776119403,0.52991452991453,0.691666666666667,2707,ohc,four,121,mpfi,2.54,2.07,9.3,110.0,5250.0,11.19047619047619,8.392857142857142,15040,Low,Low,0,1,1,0
135,2,104.0,saab,four,sedan,fwd,front,99.1,0.6791044776119403,0.52991452991453,0.691666666666667,2758,ohc,four,121,mpfi,3.54,3.07,9.3,110.0,5250.0,11.19047619047619,8.392857142857142,15510,Low,Low,0,1,1,0
136,3,150.0,saab,two,hatchback,fwd,front,99.1,0.6791044776119403,0.52991452991453,0.691666666666667,2808,dohc,four,121,mpfi,3.54,3.07,9.0,160.0,5500.0,12.368421052631579,9.038461538461538,18150,Medium,Low,0,1,0,1
137,2,104.0,saab,four,sedan,fwd,front,99.1,0.6791044776119403,0.52991452991453,0.691666666666667,2847,dohc,four,121,mpfi,3.54,3.07,9.0,160.0,5500.0,12.368421052631579,9.038461538461538,18620,Medium,Medium,0,1,0,1
138,2,83.0,subaru,two,hatchback,fwd,front,93.7,0.23582089552238822,0.264957264957265,0.49166666666666714,2050,ohcf,four,97,2bbl,3.62,2.36,9.0,69.0,4900.0,7.580645161290323,6.527777777777778,5118,Low,Low,0,1,1,0
139,2,83.0,subaru,two,hatchback,fwd,front,93.7,0.25074626865671656,0.2820512820512823,0.49166666666666714,2120,ohcf,four,108,2bbl,3.62,2.64,8.7,73.0,4400.0,9.038461538461538,7.580645161290323,7053,Low,Low,0,1,1,0
140,2,83.0,subaru,two,hatchback,4wd,front,93.3,0.24179104477611965,0.2991452991452991,0.6583333333333338,2240,ohcf,four,108,2bbl,3.62,2.64,8.7,73.0,4400.0,9.038461538461538,7.580645161290323,7603,Low,Low,0,1,1,0
141,0,102.0,subaru,four,sedan,fwd,front,97.2,0.46119402985074637,0.4358974358974365,0.3916666666666669,2145,ohcf,four,108,2bbl,3.62,2.64,9.5,82.0,4800.0,7.34375,6.351351351351352,7126,Low,Low,0,1,1,0
142,0,102.0,subaru,four,sedan,fwd,front,97.2,0.46119402985074637,0.4358974358974365,0.3916666666666669,2190,ohcf,four,108,2bbl,3.62,2.64,9.5,82.0,4400.0,8.392857142857142,7.121212121212121,7775,Low,Low,0,1,1,0
143,0,102.0,subaru,four,sedan,fwd,front,97.2,0.46119402985074637,0.4358974358974365,0.3916666666666669,2340,ohcf,four,108,mpfi,3.62,2.64,9.0,94.0,5200.0,9.038461538461538,7.34375,9960,Low,Low,0,1,1,0
144,0,102.0,subaru,four,sedan,4wd,front,97.0,0.46119402985074637,0.4358974358974365,0.5416666666666666,2385,ohcf,four,108,2bbl,3.62,2.64,9.0,82.0,4800.0,9.791666666666666,9.4,9233,Low,Low,0,1,1,0
145,0,102.0,subaru,four,sedan,4wd,front,97.0,0.46119402985074637,0.4358974358974365,0.5416666666666666,2510,ohcf,four,108,mpfi,3.62,2.64,7.7,111.0,4800.0,9.791666666666666,8.10344827586207,11259,Low,Low,0,1,0,1
146,0,89.0,subaru,four,wagon,fwd,front,97.0,0.4835820895522389,0.4358974358974365,0.43333333333333357,2290,ohcf,four,108,2bbl,3.62,2.64,9.0,82.0,4800.0,8.392857142857142,7.34375,7463,Low,Low,0,1,1,0
147,0,89.0,subaru,four,wagon,fwd,front,97.0,0.4835820895522389,0.4358974358974365,0.43333333333333357,2455,ohcf,four,108,mpfi,3.62,2.64,9.0,94.0,5200.0,9.4,7.580645161290323,10198,Low,Low,0,1,1,0
148,0,85.0,subaru,four,wagon,4wd,front,96.9,0.48507462686567165,0.4358974358974365,0.5916666666666668,2420,ohcf,four,108,2bbl,3.62,2.64,9.0,82.0,4800.0,10.217391304347826,8.10344827586207,8013,Low,Low,0,1,1,0
149,0,85.0,subaru,four,wagon,4wd,front,96.9,0.48507462686567165,0.4358974358974365,0.5916666666666668,2650,ohcf,four,108,mpfi,3.62,2.64,7.7,111.0,4800.0,10.217391304347826,10.217391304347826,11694,Low,Low,0,1,0,1
150,1,87.0,toyota,two,hatchback,fwd,front,95.7,0.26268656716417904,0.2820512820512823,0.5583333333333336,1985,ohc,four,92,2bbl,3.05,3.03,9.0,62.0,4800.0,6.714285714285714,6.0256410256410255,5348,Low,Low,0,1,1,0
151,1,87.0,toyota,two,hatchback,fwd,front,95.7,0.26268656716417904,0.2820512820512823,0.5583333333333336,2040,ohc,four,92,2bbl,3.05,3.03,9.0,62.0,4800.0,7.580645161290323,6.184210526315789,6338,Low,Low,0,1,1,0
152,1,74.0,toyota,four,hatchback,fwd,front,95.7,0.26268656716417904,0.2820512820512823,0.5583333333333336,2015,ohc,four,92,2bbl,3.05,3.03,9.0,62.0,4800.0,7.580645161290323,6.184210526315789,6488,Low,Low,0,1,1,0
153,0,77.0,toyota,four,wagon,fwd,front,95.7,0.42686567164179096,0.2820512820512823,0.941666666666667,2280,ohc,four,92,2bbl,3.05,3.03,9.0,62.0,4800.0,7.580645161290323,6.351351351351352,6918,Low,Low,0,1,1,0
154,0,81.0,toyota,four,wagon,4wd,front,95.7,0.42686567164179096,0.2820512820512823,0.941666666666667,2290,ohc,four,92,2bbl,3.05,3.03,9.0,62.0,4800.0,8.703703703703704,7.34375,7898,Low,Low,0,1,1,0
155,0,91.0,toyota,four,wagon,4wd,front,95.7,0.42686567164179096,0.2820512820512823,0.941666666666667,3110,ohc,four,92,2bbl,3.05,3.03,9.0,62.0,4800.0,8.703703703703704,7.34375,8778,Low,Low,0,1,1,0
156,0,91.0,toyota,four,sedan,fwd,front,95.7,0.3761194029850749,0.35042735042735107,0.43333333333333357,2081,ohc,four,98,2bbl,3.19,3.03,9.0,70.0,4800.0,7.833333333333333,6.351351351351352,6938,Low,Low,0,1,1,0
157,0,91.0,toyota,four,hatchback,fwd,front,95.7,0.3761194029850749,0.35042735042735107,0.4166666666666667,2109,ohc,four,98,2bbl,3.19,3.03,9.0,70.0,4800.0,7.833333333333333,6.351351351351352,7198,Low,Low,0,1,1,0
158,0,91.0,toyota,four,sedan,fwd,front,95.7,0.3761194029850749,0.35042735042735107,0.43333333333333357,2275,ohc,four,110,idi,3.27,3.35,22.5,56.0,4500.0,6.911764705882353,6.527777777777778,7898,Low,Low,1,0,1,0
159,0,91.0,toyota,four,hatchback,fwd,front,95.7,0.3761194029850749,0.35042735042735107,0.4166666666666667,2275,ohc,four,110,idi,3.27,3.35,22.5,56.0,4500.0,6.184210526315789,5.0,7788,Low,Low,1,0,1,0
160,0,91.0,toyota,four,sedan,fwd,front,95.7,0.3761194029850749,0.35042735042735107,0.43333333333333357,2094,ohc,four,98,2bbl,3.19,3.03,9.0,70.0,4800.0,6.184210526315789,5.0,7738,Low,Low,0,1,1,0
161,0,91.0,toyota,four,hatchback,fwd,front,95.7,0.3761194029850749,0.35042735042735107,0.4166666666666667,2122,ohc,four,98,2bbl,3.19,3.03,9.0,70.0,4800.0,8.392857142857142,6.911764705882353,8358,Low,Low,0,1,1,0
162,0,91.0,toyota,four,sedan,fwd,front,95.7,0.3761194029850749,0.35042735042735107,0.4166666666666667,2140,ohc,four,98,2bbl,3.19,3.03,9.0,70.0,4800.0,8.392857142857142,6.911764705882353,9258,Low,Low,0,1,1,0
163,1,168.0,toyota,two,sedan,rwd,front,94.5,0.4119402985074626,0.3162393162393164,0.40000000000000036,2169,ohc,four,98,2bbl,3.19,3.03,9.0,70.0,4800.0,8.10344827586207,6.911764705882353,8058,Low,Low,0,1,1,0
164,1,168.0,toyota,two,hatchback,rwd,front,94.5,0.4119402985074626,0.3162393162393164,0.40000000000000036,2204,ohc,four,98,2bbl,3.19,3.03,9.0,70.0,4800.0,8.10344827586207,6.911764705882353,8238,Low,Low,0,1,1,0
165,1,168.0,toyota,two,sedan,rwd,front,94.5,0.4119402985074626,0.3162393162393164,0.40000000000000036,2265,dohc,four,98,mpfi,3.24,3.08,9.4,112.0,6600.0,9.038461538461538,8.10344827586207,9298,Low,Low,0,1,1,0
166,1,168.0,toyota,two,hatchback,rwd,front,94.5,0.4119402985074626,0.3162393162393164,0.40000000000000036,2300,dohc,four,98,mpfi,3.24,3.08,9.4,112.0,6600.0,9.038461538461538,8.10344827586207,9538,Low,Low,0,1,1,0
167,2,134.0,toyota,two,hardtop,rwd,front,98.4,0.5238805970149253,0.45299145299145266,0.35000000000000026,2540,ohc,four,146,mpfi,3.62,3.5,9.3,116.0,4800.0,9.791666666666666,7.833333333333333,8449,Low,Low,0,1,1,0
168,2,134.0,toyota,two,hardtop,rwd,front,98.4,0.5238805970149253,0.45299145299145266,0.35000000000000026,2536,ohc,four,146,mpfi,3.62,3.5,9.3,116.0,4800.0,9.791666666666666,7.833333333333333,9639,Low,Low,0,1,1,0
169,2,134.0,toyota,two,hatchback,rwd,front,98.4,0.5238805970149253,0.45299145299145266,0.35000000000000026,2551,ohc,four,146,mpfi,3.62,3.5,9.3,116.0,4800.0,9.791666666666666,7.833333333333333,9989,Low,Low,0,1,1,0
170,2,134.0,toyota,two,hardtop,rwd,front,98.4,0.5238805970149253,0.45299145299145266,0.35000000000000026,2679,ohc,four,146,mpfi,3.62,3.5,9.3,116.0,4800.0,9.791666666666666,7.833333333333333,11199,Low,Low,0,1,1,0
171,2,134.0,toyota,two,hatchback,rwd,front,98.4,0.5238805970149253,0.45299145299145266,0.35000000000000026,2714,ohc,four,146,mpfi,3.62,3.5,9.3,116.0,4800.0,9.791666666666666,7.833333333333333,11549,Low,Low,0,1,1,0
172,2,134.0,toyota,two,convertible,rwd,front,98.4,0.5238805970149253,0.45299145299145266,0.43333333333333357,2975,ohc,four,146,mpfi,3.62,3.5,9.3,116.0,4800.0,9.791666666666666,7.833333333333333,17669,Low,Low,0,1,1,0
173,-1,65.0,toyota,four,sedan,fwd,front,102.4,0.5149253731343284,0.52991452991453,0.5916666666666668,2326,ohc,four,122,mpfi,3.31,3.54,8.7,92.0,4200.0,8.10344827586207,6.911764705882353,8948,Low,Low,0,1,1,0
174,-1,65.0,toyota,four,sedan,fwd,front,102.4,0.5149253731343284,0.52991452991453,0.5916666666666668,2480,ohc,four,110,idi,3.27,3.35,22.5,73.0,4500.0,7.833333333333333,7.121212121212121,10698,Low,Low,1,0,0,1
175,-1,65.0,toyota,four,hatchback,fwd,front,102.4,0.5149253731343284,0.52991452991453,0.5083333333333334,2414,ohc,four,122,mpfi,3.31,3.54,8.7,92.0,4200.0,8.703703703703704,7.34375,9988,Low,Low,0,1,1,0
176,-1,65.0,toyota,four,sedan,fwd,front,102.4,0.5149253731343284,0.52991452991453,0.5916666666666668,2414,ohc,four,122,mpfi,3.31,3.54,8.7,92.0,4200.0,8.703703703703704,7.34375,10898,Low,Low,0,1,1,0
177,-1,65.0,toyota,four,hatchback,fwd,front,102.4,0.5149253731343284,0.52991452991453,0.5083333333333334,2458,ohc,four,122,mpfi,3.31,3.54,8.7,92.0,4200.0,8.703703703703704,7.34375,11248,Low,Low,0,1,1,0
178,3,197.0,toyota,two,hatchback,rwd,front,102.9,0.6328358208955225,0.6324786324786328,0.35000000000000026,2976,dohc,six,171,mpfi,3.27,3.35,9.3,161.0,5200.0,11.75,9.791666666666666,16558,Medium,Low,0,1,1,0
179,3,197.0,toyota,two,hatchback,rwd,front,102.9,0.6328358208955225,0.6324786324786328,0.35000000000000026,3016,dohc,six,171,mpfi,3.27,3.35,9.3,161.0,5200.0,12.368421052631579,9.791666666666666,15998,Medium,Low,0,1,1,0
180,-1,90.0,toyota,four,sedan,rwd,front,104.5,0.6970149253731346,0.52991452991453,0.5250000000000004,3131,dohc,six,171,mpfi,3.27,3.35,9.2,156.0,5200.0,11.75,9.791666666666666,15690,Medium,Low,0,1,1,0
181,-1,122.0,toyota,four,wagon,rwd,front,104.5,0.6970149253731346,0.52991452991453,0.5250000000000004,3151,dohc,six,161,mpfi,3.27,3.35,9.2,156.0,5200.0,12.368421052631579,9.791666666666666,15750,Medium,Low,0,1,1,0
182,2,122.0,volkswagen,two,sedan,fwd,front,97.3,0.4567164179104477,0.4444444444444446,0.6583333333333338,2261,ohc,four,97,idi,3.01,3.4,23.0,52.0,4800.0,6.351351351351352,5.108695652173913,7775,Low,Low,1,0,1,0
183,2,122.0,volkswagen,two,sedan,fwd,front,97.3,0.4567164179104477,0.4444444444444446,0.6583333333333338,2209,ohc,four,109,mpfi,3.19,3.4,9.0,85.0,5250.0,8.703703703703704,6.911764705882353,7975,Low,Low,0,1,1,0
184,2,94.0,volkswagen,four,sedan,fwd,front,97.3,0.4567164179104477,0.4444444444444446,0.6583333333333338,2264,ohc,four,97,idi,3.01,3.4,23.0,52.0,4800.0,6.351351351351352,5.108695652173913,7995,Low,Low,1,0,1,0
185,2,94.0,volkswagen,four,sedan,fwd,front,97.3,0.4567164179104477,0.4444444444444446,0.6583333333333338,2212,ohc,four,109,mpfi,3.19,3.4,9.0,85.0,5250.0,8.703703703703704,6.911764705882353,8195,Low,Low,0,1,1,0
186,2,94.0,volkswagen,four,sedan,fwd,front,97.3,0.4567164179104477,0.4444444444444446,0.6583333333333338,2275,ohc,four,109,mpfi,3.19,3.4,9.0,85.0,5250.0,8.703703703703704,6.911764705882353,8495,Low,Low,0,1,1,0
187,2,94.0,volkswagen,four,sedan,fwd,front,97.3,0.4567164179104477,0.4444444444444446,0.6583333333333338,2319,ohc,four,97,idi,3.01,3.4,23.0,68.0,4500.0,6.351351351351352,5.595238095238095,9495,Low,Low,1,0,0,1
188,2,94.0,volkswagen,four,sedan,fwd,front,97.3,0.4567164179104477,0.4444444444444446,0.6583333333333338,2300,ohc,four,109,mpfi,3.19,3.4,10.0,100.0,5500.0,9.038461538461538,7.34375,9995,Low,Low,0,1,1,0
189,3,122.0,volkswagen,two,convertible,fwd,front,94.5,0.27164179104477637,0.33333333333333376,0.6500000000000004,2254,ohc,four,109,mpfi,3.19,3.4,8.5,90.0,5500.0,9.791666666666666,8.10344827586207,11595,Low,Low,0,1,1,0
190,3,256.0,volkswagen,two,hatchback,fwd,front,94.5,0.3671641791044775,0.3162393162393164,0.3000000000000001,2221,ohc,four,109,mpfi,3.19,3.4,8.5,90.0,5500.0,9.791666666666666,8.10344827586207,9980,Low,Low,0,1,1,0
191,0,122.0,volkswagen,four,sedan,fwd,front,100.4,0.5835820895522387,0.5641025641025647,0.6083333333333337,2661,ohc,five,136,mpfi,3.19,3.4,8.5,110.0,5500.0,12.368421052631579,9.791666666666666,13295,Low,Low,0,1,1,0
192,0,122.0,volkswagen,four,sedan,fwd,front,100.4,0.5835820895522387,0.5641025641025647,0.6083333333333337,2579,ohc,four,97,idi,3.01,3.4,23.0,68.0,4500.0,7.121212121212121,6.184210526315789,13845,Low,Low,1,0,0,1
193,0,122.0,volkswagen,four,wagon,fwd,front,100.4,0.6268656716417911,0.5641025641025647,0.6083333333333337,2563,ohc,four,109,mpfi,3.19,3.4,9.0,88.0,5500.0,9.4,7.580645161290323,12290,Low,Low,0,1,1,0
194,-2,103.0,volvo,four,sedan,rwd,front,104.3,0.711940298507463,0.5897435897435901,0.7000000000000005,2912,ohc,four,141,mpfi,3.78,3.15,9.5,114.0,5400.0,10.217391304347826,8.392857142857142,12940,Low,Low,0,1,1,0
195,-1,74.0,volvo,four,wagon,rwd,front,104.3,0.711940298507463,0.5897435897435901,0.8083333333333336,3034,ohc,four,141,mpfi,3.78,3.15,9.5,114.0,5400.0,10.217391304347826,8.392857142857142,13415,Low,Low,0,1,1,0
196,-2,103.0,volvo,four,sedan,rwd,front,104.3,0.711940298507463,0.5897435897435901,0.7000000000000005,2935,ohc,four,141,mpfi,3.78,3.15,9.5,114.0,5400.0,9.791666666666666,8.392857142857142,15985,Low,Low,0,1,1,0
197,-1,74.0,volvo,four,wagon,rwd,front,104.3,0.711940298507463,0.5897435897435901,0.8083333333333336,3042,ohc,four,141,mpfi,3.78,3.15,9.5,114.0,5400.0,9.791666666666666,8.392857142857142,16515,Low,Low,0,1,1,0
198,-2,103.0,volvo,four,sedan,rwd,front,104.3,0.711940298507463,0.5897435897435901,0.7000000000000005,3045,ohc,four,130,mpfi,3.62,3.15,7.5,162.0,5100.0,13.823529411764707,10.681818181818182,18420,Medium,Low,0,1,0,1
199,-1,74.0,volvo,four,wagon,rwd,front,104.3,0.711940298507463,0.5897435897435901,0.8083333333333336,3157,ohc,four,130,mpfi,3.62,3.15,7.5,162.0,5100.0,13.823529411764707,10.681818181818182,18950,Medium,Medium,0,1,0,1
200,-1,95.0,volvo,four,sedan,rwd,front,109.1,0.711940298507463,0.7350427350427355,0.6416666666666669,2952,ohc,four,141,mpfi,3.78,3.15,9.5,114.0,5400.0,10.217391304347826,8.392857142857142,16845,Low,Low,0,1,1,0
201,-1,95.0,volvo,four,sedan,rwd,front,109.1,0.711940298507463,0.7264957264957264,0.6416666666666669,3049,ohc,four,141,mpfi,3.78,3.15,8.7,160.0,5300.0,12.368421052631579,9.4,19045,Medium,Medium,0,1,0,1
202,-1,95.0,volvo,four,sedan,rwd,front,109.1,0.711940298507463,0.7350427350427355,0.6416666666666669,3012,ohcv,six,173,mpfi,3.58,2.87,8.8,134.0,5500.0,13.055555555555555,10.217391304347826,21485,Medium,Medium,0,1,1,0
203,-1,95.0,volvo,four,sedan,rwd,front,109.1,0.711940298507463,0.7350427350427355,0.6416666666666669,3217,ohc,six,145,idi,3.01,3.4,23.0,106.0,4800.0,9.038461538461538,8.703703703703704,22470,Low,Medium,1,0,0,1
204,-1,95.0,volvo,four,sedan,rwd,front,109.1,0.711940298507463,0.7350427350427355,0.6416666666666669,3062,ohc,four,141,mpfi,3.78,3.15,9.5,114.0,5400.0,12.368421052631579,9.4,22625,Low,Medium,0,1,0,1
